a,Ålder,Kön_Kv=1_och_Man=2,PAD:_lipom-atypiskt_lipom-myxoitt_liposarkom,PAD-SPSS:_lipom-atypiskt_lipom-myxoitt_liposarkom,volume_[cm3],FF_mean_[%],FF_stddev[%],FF_median_[%],FF_skew,FF_mode_[%],CL3_mode,UD3_mode,PUD3_mode,Contrast,InverseDifference,Entropy,Energy,MaximumProbability,Correlation,SumOfSquaresVariance,Homogenity,SumAverage,SumVariance,SumEntropy,DifferenceVariance,DifferenceEntropy,InformationMeasureOfCorrelation1,InformationMeasureOfCorrelation2,Autocorrelation,ClusterShade,ClusterProminence,DifferenceAverage
15,31,1,Myxoitt_liposarkom,4,163.28800000000004,9.495678800646717,14.054440576911993,4.5,2.394526919778197,0.7999999999999998,16.700000000000006,2.24,1.14,44.131056717064,0.519122625634132,4.63695616809973,0.0937260150180205,0.29529327154159496,0.7052416221067651,74.8597156635344,0.462685308662067,12.2990883464336,255.30780593707297,3.14410351536452,31.2764985601059,2.3261572260610297,-0.127708061268647,0.684671140572602,90.61108064596192,10434.4937472819,707966.3299066629,3.5853254022604197
20,46,1,Myxoitt_liposarkom,4,136.24800000000002,21.169925430098065,20.576645309823668,14.0,1.2665171954385843,3.1999999999999997,18.9,2.04,1.26,78.95912447926459,0.334318557224201,6.49010419587135,0.00958075731741896,0.0802337825298309,0.7646335495446059,167.73657487397,0.257430523013096,26.069533840382103,591.9871750166191,4.167387393503589,45.31317232731979,2.8337360069011597,-0.12798884945539699,0.767005206357913,298.162161120214,18822.5026734865,1512798.78831763,5.80051309736518
24,46,2,Myxoitt_liposarkom,4,328.6400000000001,11.706879259980534,17.316573422319514,5.300000000000012,2.0474370538084683,0.7999999999999998,16.1,3.24,0.62,50.969455497997,0.49427024156809396,4.9981770713991205,0.0737879575833718,0.260023593902588,0.77715539888176,114.360983488562,0.43554991035667406,15.3692794430057,406.474478456251,3.37490899245947,35.70788312950871,2.41142853768701,-0.149331621493161,0.744064720223838,147.92994323586,17782.171336498403,1257646.26200484,3.90660624712143